권역,시도,지역,암장명,출처,검수상태,주소,카카오ID,볼더링추정
서울,서울,강남구,더클라임 강남점,카카오 로컬 API,미검수,서울 강남구 테헤란로8길 21,807578478,
서울,서울,강남구,더클라임 양재점,카카오 로컬 API,미검수,서울 강남구 남부순환로 2615,953399573,
서울,서울,강남구,역삼클라이밍랩,카카오 로컬 API,미검수,서울 강남구 테헤란로30길 49,612949056,
서울,서울,강남구,콜스에듀케이션,카카오 로컬 API,미검수,서울 강남구 논현로76길 27,1603222466,
서울,서울,강남구,클라이밍파크 강남점,카카오 로컬 API,미검수,서울 강남구 강남대로 364,2029901090,
서울,서울,강남구,클라이밍파크 신논현점,카카오 로컬 API,미검수,서울 강남구 강남대로 468,403186026,
서울,서울,강남구,클라임투게더,카카오 로컬 API,미검수,서울 강남구 영동대로 602,1270950119,
서울,서울,강동구,알레클라임,카카오 로컬 API,미검수,서울 강동구 천호대로177길 39,225895844,
서울,서울,강동구,온세대클라이밍,카카오 로컬 API,미검수,서울 강동구 양재대로 1300,648392033,
서울,서울,강동구,온플릭클라이밍 천호점,카카오 로컬 API,미검수,서울 강동구 올림픽로 664,239953917,
서울,서울,강동구,쿠키즈클라이밍,카카오 로컬 API,미검수,서울 강동구 양재대로 1620,1139844153,
서울,서울,강북구,맥클라이밍,카카오 로컬 API,미검수,서울 강북구 수유로 30,1391758447,
서울,서울,강북구,블랙야크 야크돔,카카오 로컬 API,미검수,서울 강북구 삼양로173길 52,1269936251,
서울,서울,강서구,더클라임 마곡점,카카오 로컬 API,미검수,서울 강서구 마곡동로 62,504806909,
서울,서울,강서구,어거스트클라이밍,카카오 로컬 API,미검수,서울 강서구 양천로 461,1668558300,
서울,서울,강서구,클라이밍88,카카오 로컬 API,미검수,서울 강서구 공항대로 376,26527675,
서울,서울,관악구,더클라임 사당점,카카오 로컬 API,미검수,서울 관악구 과천대로 939,367482090,
서울,서울,관악구,더클라임 신림점,카카오 로컬 API,미검수,서울 관악구 신원로 35,610038060,
서울,서울,관악구,스톤즈클라이밍,카카오 로컬 API,미검수,서울 관악구 남부순환로 1990-3,2138916951,
서울,서울,광진구,레드포인트클라이밍,카카오 로컬 API,미검수,서울 광진구 천호대로109길 9,1827043506,
서울,서울,광진구,버티고클라이밍짐,카카오 로컬 API,미검수,서울 광진구 천호대로 611,27323437,
서울,서울,구로구,서울숲클라이밍 구로점,카카오 로컬 API,미검수,서울 구로구 디지털로 300,496958523,
서울,서울,구로구,썬클라이밍짐,카카오 로컬 API,미검수,서울 구로구 구로동로 215-1,1267787018,
서울,서울,구로구,위클리클라이밍,카카오 로컬 API,미검수,서울 구로구 경인로47길 68,349001291,
서울,서울,구로구,피커스클라이밍 구로,카카오 로컬 API,미검수,서울 구로구 구로중앙로 152,132573277,
서울,서울,노원구,드림캐처클라이밍짐,카카오 로컬 API,미검수,서울 노원구 상계로5길 32,1071989415,
서울,서울,노원구,볼더클라이밍짐,카카오 로컬 API,미검수,서울 노원구 동일로241길 53,1539123641,Y
서울,서울,노원구,비숍클라이밍,카카오 로컬 API,미검수,서울 노원구 동일로 1393,893297359,
서울,서울,노원구,오름클라이밍,카카오 로컬 API,미검수,서울 노원구 상계로12길 32,79968783,
서울,서울,동대문구,산타클라이밍짐,카카오 로컬 API,미검수,서울 동대문구 난계로30길 23,384938612,
서울,서울,동대문구,웨어하우스 볼더링,카카오 로컬 API,미검수,서울 동대문구 경동시장로23길 5,807821546,Y
서울,서울,동작구,더클라임 이수점,카카오 로컬 API,미검수,서울 동작구 동작대로 59,1115009396,
서울,서울,동작구,볼더생활,카카오 로컬 API,미검수,서울 동작구 동작대로29길 69,1851049470,Y
서울,서울,마포구,더클라임 연남점,카카오 로컬 API,미검수,서울 마포구 양화로 186,78694546,
서울,서울,마포구,코알라클라이밍짐,카카오 로컬 API,미검수,서울 마포구 월드컵북로 396,25647957,
서울,서울,마포구,홍대클라이밍,카카오 로컬 API,미검수,서울 마포구 동교로23길 105,226789176,
서울,서울,서대문구,신촌담장,카카오 로컬 API,미검수,서울 서대문구 신촌역로 10,2036153750,
서울,서울,서대문구,피커스 신촌점,카카오 로컬 API,미검수,서울 서대문구 신촌로 129,688426394,
서울,서울,서초구,더클라임 논현점,카카오 로컬 API,미검수,서울 서초구 강남대로 519,408430175,
서울,서울,서초구,손상원클라이밍짐 강남점,카카오 로컬 API,미검수,서울 서초구 강남대로 331,2029401912,
서울,서울,성동구,그루트클라이밍,카카오 로컬 API,미검수,서울 성동구 성수일로 19,745525153,
서울,서울,성동구,더클라임 성수점,카카오 로컬 API,미검수,서울 성동구 아차산로17길 49,633255619,
서울,서울,성동구,훅클라이밍 왕십리점,카카오 로컬 API,미검수,서울 성동구 고산자로6길 40,188938778,
서울,서울,송파구,닷클라이밍짐,카카오 로컬 API,미검수,서울 송파구 법원로8길 9,820005366,
서울,서울,송파구,루트클라이밍,카카오 로컬 API,미검수,서울 송파구 양재대로71길 5-14,958971411,
서울,서울,송파구,브릭스클라이밍짐,카카오 로컬 API,미검수,서울 송파구 중대로 130,1822085153,
서울,서울,송파구,서울숲클라이밍 잠실점,카카오 로컬 API,미검수,서울 송파구 백제고분로7길 49,931706576,
서울,서울,송파구,클라임투더문,카카오 로컬 API,미검수,서울 송파구 백제고분로 224,460790324,
서울,서울,양천구,서울볼더스 목동,카카오 로컬 API,미검수,서울 양천구 신목로 53,814897728,Y
서울,서울,영등포구,더클라임 문래점,카카오 로컬 API,미검수,서울 영등포구 당산로 63,1045438278,
서울,서울,영등포구,서울볼더스 선유,카카오 로컬 API,미검수,서울 영등포구 양평로28마길 7,1135946676,Y
서울,서울,영등포구,서울숲클라이밍 영등포점,카카오 로컬 API,미검수,서울 영등포구 문래로 164,850543972,
서울,서울,영등포구,서종국클라이밍짐,카카오 로컬 API,미검수,서울 영등포구 선유로53길 6,690907860,
서울,서울,영등포구,알레클라임 영등포점,카카오 로컬 API,미검수,서울 영등포구 영등포로33길 14,956081122,
서울,서울,영등포구,클라임러버,카카오 로컬 API,미검수,서울 영등포구 당산로49길 12,1974288623,
서울,서울,영등포구,클라임웍스,카카오 로컬 API,미검수,서울 영등포구 버드나루로 85,1015936668,
서울,서울,용산구,오프더월클라이밍,카카오 로컬 API,미검수,서울 용산구 이태원로 190,662516308,
서울,서울,은평구,행클라임 클라이밍짐 구파발점,카카오 로컬 API,미검수,서울 은평구 통일로 1020,1843739511,
서울,서울,종로구,서울숲클라이밍 종로점,카카오 로컬 API,미검수,서울 종로구 수표로 96,1615143674,
서울,서울,종로구,알레클라이밍 혜화점,카카오 로컬 API,미검수,서울 종로구 창경궁로34길 18-5,1455205552,
서울,서울,종로구,클라이밍파크 종로점,카카오 로컬 API,미검수,서울 종로구 종로 199-1,1796322688,
서울,서울,종로구,피커스 종로점,카카오 로컬 API,미검수,서울 종로구 돈화문로5가길 1,1330937676,
서울,서울,중구,손상원 클라이밍짐 을지로점,카카오 로컬 API,미검수,서울 중구 남대문로 125,196180430,
서울,서울,중구,을지로 담장 클라이밍,카카오 로컬 API,미검수,서울 중구 마른내로 63-3,444613083,
서울,서울,중구,플래시볼더스 클라이밍,카카오 로컬 API,미검수,서울 중구 서애로5길 21,289064421,Y
서울,서울,중랑구,마스터클라이밍,카카오 로컬 API,미검수,서울 중랑구 용마산로115길 65,1506558196,
서울,서울,중랑구,크래커클라이밍,카카오 로컬 API,미검수,서울 중랑구 면목로92길 37-4,222397833,
수도권,인천,강화군,강화클라이밍,카카오 로컬 API,미검수,인천 강화군 불은면 중앙로 546-34,805942914,
수도권,인천,검단구,클라임스퀘어 ICN본점,카카오 로컬 API,미검수,인천 검단구 완정로 70,426710820,
수도권,인천,남동구,기필코홀드,카카오 로컬 API,미검수,인천 남동구 호구포로 189,32338067,
수도권,인천,남동구,볼리클라이밍,카카오 로컬 API,미검수,인천 남동구 서창남순환로216번길 30,2040358199,
수도권,인천,남동구,허브클라이밍,카카오 로컬 API,미검수,인천 남동구 논고개로123번길 17,1278653375,
수도권,인천,서해구,서인천클라이밍,카카오 로컬 API,미검수,인천 서해구 가정로 374,18294951,
수도권,인천,서해구,클라임스퀘어 청라점,카카오 로컬 API,미검수,인천 서해구 청라라임로 71,876554869,
수도권,인천,연수구,디스커버리씨에스 송도지점,카카오 로컬 API,미검수,인천 연수구 송도과학로16번길 33-4,188912195,
수도권,인천,연수구,비블럭클라이밍 송도점,카카오 로컬 API,미검수,인천 연수구 송도과학로16번길 13-39,992376105,
수도권,인천,연수구,클라이밍줌,카카오 로컬 API,미검수,인천 연수구 청능대로 75,1857857925,
수도권,인천,영종구,비블럭클라이밍 영종하늘도시점,카카오 로컬 API,미검수,인천 영종구 하늘중앙로195번길 18,668372942,
수도권,경기,고양시,더클라임 일산점,카카오 로컬 API,미검수,경기 고양시 일산동구 중앙로 1160,26842478,
수도권,경기,고양시,일산SK클라이밍,카카오 로컬 API,미검수,경기 고양시 일산동구 일산로286번길 13-5,14721491,
수도권,경기,고양시,코알라클라이밍 킨텍스점,카카오 로컬 API,미검수,경기 고양시 일산서구 중앙로 1560-34,1701692104,
수도권,경기,고양시,클라이밍 업더월 일산점,카카오 로컬 API,미검수,경기 고양시 일산서구 경의로 805,1727687487,
수도권,경기,고양시,클라이밍 하이프렉스,카카오 로컬 API,미검수,경기 고양시 일산서구 덕이로 20,1777945869,
수도권,경기,고양시,페퍼 클라이밍,카카오 로컬 API,미검수,경기 고양시 덕양구 권율대로 656,607958683,
수도권,경기,고양시,하이포인트 클라이밍,카카오 로컬 API,미검수,경기 고양시 덕양구 세솔로1길 19-2,1897069627,
수도권,경기,구리시,마운틴스타 클라이밍짐,카카오 로컬 API,미검수,경기 구리시 체육관로 82,1258092885,
수도권,경기,군포시,락클라이밍산본,카카오 로컬 API,미검수,경기 군포시 광정로 60,26592412,
수도권,경기,군포시,스파이시 클라이밍,카카오 로컬 API,미검수,경기 군포시 엘에스로 153-8,2055624397,
수도권,경기,김포시,잼클라이밍,카카오 로컬 API,미검수,경기 김포시 김포한강2로 76,531981685,
수도권,경기,김포시,키클 클라이밍 풍무점,카카오 로컬 API,미검수,경기 김포시 풍무로146번길 14,2022603893,
수도권,경기,김포시,테키클라이밍,카카오 로컬 API,미검수,경기 김포시 고촌읍 이화남로 141,1416884929,
수도권,경기,김포시,픽클라이밍,카카오 로컬 API,미검수,경기 김포시 김포한강4로 507,1893325196,
수도권,경기,남양주시,다이노클라이밍,카카오 로컬 API,미검수,경기 남양주시 다산중앙로146번길 12-14,1553501455,
수도권,경기,남양주시,무브온클라이밍,카카오 로컬 API,미검수,경기 남양주시 진접읍 진건오남로 982-28,2026125484,
수도권,경기,남양주시,엠투클라이밍,카카오 로컬 API,미검수,경기 남양주시 다산순환로 356,930591035,
수도권,경기,남양주시,퍼즐클라이밍,카카오 로컬 API,미검수,경기 남양주시 다산중앙로19번길 15,2078945273,
수도권,경기,부천시,월드클라이밍,카카오 로컬 API,미검수,경기 부천시 원미구 상동로 90,1172831319,
수도권,경기,부천시,캐치스톤클라이밍짐,카카오 로컬 API,미검수,경기 부천시 원미구 부천로 11,183632345,
수도권,경기,성남시,그립픽클라이밍짐,카카오 로컬 API,미검수,경기 성남시 수정구 위례광장로 104,684238233,
수도권,경기,성남시,더볼더,카카오 로컬 API,미검수,경기 성남시 분당구 미금일로90번길 36-5,1145248071,Y
수도권,경기,성남시,락페이스클라이밍,카카오 로컬 API,미검수,경기 성남시 중원구 산성대로 340-1,478896849,
수도권,경기,성남시,비클라이밍,카카오 로컬 API,미검수,경기 성남시 분당구 백현로144번길 29-1,22249715,
수도권,경기,성남시,손상원클라이밍짐 판교점,카카오 로컬 API,미검수,경기 성남시 분당구 대왕판교로 670,24374877,
수도권,경기,성남시,클라임 어스 모란점,카카오 로컬 API,미검수,경기 성남시 중원구 성남대로 1126,791709183,
수도권,경기,수원시,그래비티클라이밍,카카오 로컬 API,미검수,경기 수원시 영통구 효원로 400,25986434,
수도권,경기,수원시,수원라온클라이밍,카카오 로컬 API,미검수,경기 수원시 권선구 정조로 538,436491717,
수도권,경기,수원시,수원크럭스존클라이밍,카카오 로컬 API,미검수,경기 수원시 팔달구 인계로 63,924214472,
수도권,경기,수원시,슈퍼비 클라이밍,카카오 로컬 API,미검수,경기 수원시 영통구 청명남로 40,1994264626,
수도권,경기,수원시,에픽클라임,카카오 로컬 API,미검수,경기 수원시 영통구 영통로 103,592291597,
수도권,경기,수원시,킨디클라이밍,카카오 로컬 API,미검수,경기 수원시 권선구 세화로 124,1929275619,
수도권,경기,수원시,킹콩클라이밍,카카오 로컬 API,미검수,경기 수원시 팔달구 경수대로 572,27474066,
수도권,경기,수원시,피크닉클라이밍,카카오 로컬 API,미검수,경기 수원시 팔달구 효원로 278,1636304179,
수도권,경기,시흥시,볼더가든,카카오 로컬 API,미검수,경기 시흥시 은계호수로 49,881166736,Y
수도권,경기,시흥시,캐치클라이밍짐,카카오 로컬 API,미검수,경기 시흥시 장현장곡로 2,436603315,
수도권,경기,시흥시,클라임잇 클라이밍 목감점,카카오 로컬 API,미검수,경기 시흥시 배미골길 24,929668905,
수도권,경기,안산시,안산선부클라이밍,카카오 로컬 API,미검수,경기 안산시 단원구 선부광장1로 124,592637544,
수도권,경기,안산시,클라이밍 트리클,카카오 로컬 API,미검수,경기 안산시 단원구 화랑로 402,1189033765,
수도권,경기,안산시,클럽클라이밍,카카오 로컬 API,미검수,경기 안산시 단원구 고잔로 76,693819203,
수도권,경기,안성시,원더월클라이밍,카카오 로컬 API,미검수,경기 안성시 공도읍 진건중길 121,1368093733,
수도권,경기,안성시,클라이밍더하기,카카오 로컬 API,미검수,경기 안성시 보개원삼로 147,887509252,
수도권,경기,안양시,더렛지 클라이밍,카카오 로컬 API,미검수,경기 안양시 동안구 시민대로 115,1356828241,
수도권,경기,안양시,에어즈락 클라이밍 범계점,카카오 로컬 API,미검수,경기 안양시 동안구 시민대로 161,1789561130,
수도권,경기,안양시,펀클라임짐,카카오 로컬 API,미검수,경기 안양시 동안구 시민대로327번길 6,275520075,
수도권,경기,양주시,더바이브클라이밍,카카오 로컬 API,미검수,경기 양주시 옥정동로7가길 36,1865488384,
수도권,경기,용인시,경기레포츠클라이밍,카카오 로컬 API,미검수,경기 용인시 기흥구 흥덕1로 13,9702970,
수도권,경기,용인시,더그릿클라이밍,카카오 로컬 API,미검수,경기 용인시 기흥구 동백중앙로 225-6,1561471583,
수도권,경기,용인시,볼더메이트 클라이밍 기흥점,카카오 로컬 API,미검수,경기 용인시 기흥구 기흥로 58,284660630,Y
수도권,경기,용인시,볼더메이트 클라이밍 수지점,카카오 로컬 API,미검수,경기 용인시 수지구 문정로 13,415945862,Y
수도권,경기,용인시,오르자,카카오 로컬 API,미검수,경기 용인시 기흥구 기곡로 54,1955228388,
수도권,경기,용인시,오르자,카카오 로컬 API,미검수,경기 용인시 기흥구 중부대로 184,460546705,
수도권,경기,의왕시,에잇픽스클라이밍,카카오 로컬 API,미검수,경기 의왕시 계원대학로 22,1004992476,
수도권,경기,의정부시,샤모니클라이밍,카카오 로컬 API,미검수,경기 의정부시 경의로 48,1956627182,
수도권,경기,이천시,클라임바운스 창전점,카카오 로컬 API,미검수,경기 이천시 이섭대천로 1229,903733788,
수도권,경기,이천시,클라임원,카카오 로컬 API,미검수,경기 이천시 이섭대천로 1458,1560953650,
수도권,경기,이천시,타잔클라이밍,카카오 로컬 API,미검수,경기 이천시 마장면 중앙로10번길 30,1334185890,
수도권,경기,평택시,트윈클라이밍짐,카카오 로컬 API,미검수,경기 평택시 평택3로 30,410381912,
수도권,경기,평택시,프리월클라이밍짐 평택지제점,카카오 로컬 API,미검수,경기 평택시 세교8길 30,1460350848,
수도권,경기,평택시,홍종열클라이밍짐 평택점,카카오 로컬 API,미검수,경기 평택시 비전2로 216,17545298,
수도권,경기,평택시,힐앤토클라이밍,카카오 로컬 API,미검수,경기 평택시 팽성읍 송화택지로 139,367499464,
수도권,경기,하남시,클라임어스 미사점,카카오 로컬 API,미검수,경기 하남시 미사강변동로 81,59084667,
수도권,경기,화성시,문클라임,카카오 로컬 API,미검수,경기 화성시 동탄구 동탄원천로 338,1723084144,
수도권,경기,화성시,볼더박스 클라임,카카오 로컬 API,미검수,경기 화성시 병점구 경기대로 1038,1436504400,Y
수도권,경기,화성시,클라임어클락,카카오 로컬 API,미검수,경기 화성시 동탄구 동탄기흥로257번가길 33,1682612600,
수도권,경기,화성시,홀드앤락클라이밍,카카오 로컬 API,미검수,경기 화성시 만세구 남양읍 남양로 695,660191063,
수도권,경기,화성시,화성클라이밍클럽,카카오 로컬 API,미검수,경기 화성시 효행구 효행로 287,1625899456,
수도권,경기,화성시,CL클라이밍,카카오 로컬 API,미검수,경기 화성시 동탄구 동탄대로 446,648317177,
수도권외,부산,금정구,웨이브락 부산대점,카카오 로컬 API,미검수,부산 금정구 장전온천천로 51,26542158,
수도권외,부산,기장군,리버스락,카카오 로컬 API,미검수,부산 기장군 정관읍 정관7로 33-8,792588420,
수도권외,부산,기장군,하이클라이밍,카카오 로컬 API,미검수,부산 기장군 정관읍 곰내길 654-168,1881319431,
수도권외,부산,동래구,락오디세이 동래점,카카오 로컬 API,미검수,부산 동래구 안남로31번길 6,26896573,
수도권외,부산,동래구,아트클라이밍,카카오 로컬 API,미검수,부산 동래구 아시아드대로219번길 23,315102755,
수도권외,부산,부산진구,돌멩이클라이밍,카카오 로컬 API,미검수,부산 부산진구 전포대로 162,1815384210,
수도권외,부산,부산진구,웨이브락 서면점,카카오 로컬 API,미검수,부산 부산진구 서전로9번길 20,577987078,
수도권외,부산,북구,락클라이밍짐,카카오 로컬 API,미검수,부산 북구 의성로 79,21853913,
수도권외,부산,북구,SO클라이밍짐 화명점,카카오 로컬 API,미검수,부산 북구 금곡대로303번길 61,27134181,
수도권외,부산,사상구,클럽스파이더클라이밍 사상점,카카오 로컬 API,미검수,부산 사상구 학감대로252번길 59,589622035,
수도권외,부산,사상구,포고클라임,카카오 로컬 API,미검수,부산 사상구 사상로 415,563525502,
수도권외,부산,사하구,오터클라이밍,카카오 로컬 API,미검수,부산 사하구 낙동대로 498,353166306,
수도권외,부산,사하구,짱클라이밍,카카오 로컬 API,미검수,부산 사하구 다대로429번길 5,95358717,
수도권외,부산,수영구,웨이브락 남천점,카카오 로컬 API,미검수,부산 수영구 황령대로473번길 15,1473458003,
수도권외,대구,남구,핸즈클라이밍짐,카카오 로컬 API,미검수,대구 남구 이천로 34,26531644,
수도권외,대구,달서구,노루클라이밍,카카오 로컬 API,미검수,대구 달서구 진천로23길 58,1824791409,
수도권외,대구,달서구,손세동클라이밍 대구두류점,카카오 로컬 API,미검수,대구 달서구 달구벌대로 1770,184075960,
수도권외,대구,달서구,초크업 더 볼더,카카오 로컬 API,미검수,대구 달서구 이곡공원로 24,333102814,Y
수도권외,대구,달서구,초크업클라이밍 월성점,카카오 로컬 API,미검수,대구 달서구 상원로 184-8,302304354,
수도권외,대구,달서구,클라이밍하이,카카오 로컬 API,미검수,대구 달서구 도원로 12,443902931,
수도권외,대구,달서구,킹콩클라이밍,카카오 로컬 API,미검수,대구 달서구 호산동로 187,1641882688,
수도권외,대구,달성군,몬스터클라이밍,카카오 로컬 API,미검수,대구 달성군 유가읍 테크노상업로 98,1571782875,
수도권외,대구,동구,다이노캣 클라이밍,카카오 로컬 API,미검수,대구 동구 안심로 52,1171867,
수도권외,대구,북구,벽클라이밍스쿨,카카오 로컬 API,미검수,대구 북구 중앙대로 617,277831592,
수도권외,대구,북구,손세동클라이밍 칠곡점,카카오 로컬 API,미검수,대구 북구 동천로23길 8,1938364829,
수도권외,대구,북구,에브리클라임,카카오 로컬 API,미검수,대구 북구 침산로22길 5,1889708486,
수도권외,대구,북구,챌린져클라이밍 칠곡점,카카오 로컬 API,미검수,대구 북구 학정로 419,1823041318,
수도권외,대구,북구,초크업클라이밍 경대점,카카오 로컬 API,미검수,대구 북구 동북로 288,1316973792,
수도권외,대구,북구,초크업클라이밍 침산점,카카오 로컬 API,미검수,대구 북구 침산남로 92,5114667,
수도권외,대구,북구,M클라이밍 칠곡점,카카오 로컬 API,미검수,대구 북구 구리로 201-1,132020272,
수도권외,대구,서구,볼더라운지 플립 대구점,카카오 로컬 API,미검수,대구 서구 달성공원로 9-2,132452873,Y
수도권외,대구,수성구,뉴비클라이밍 수성점,카카오 로컬 API,미검수,대구 수성구 수성로 146,2097478089,
수도권외,대구,중구,동성로클라이밍짐,카카오 로컬 API,미검수,대구 중구 동성로 10-1,1023553412,
수도권외,광주,광산구,그랩잇 클라이밍,카카오 로컬 API,미검수,전남광주통합특별시 광산구 임방울대로 507,1959834135,
수도권외,광주,광산구,레드원클라이밍첨단,카카오 로컬 API,미검수,전남광주통합특별시 광산구 첨단강변로87번길 20,1561364133,
수도권외,광주,광산구,빛고을클라이밍 첨단점,카카오 로컬 API,미검수,전남광주통합특별시 광산구 임방울대로 785,375079995,
수도권외,광주,광산구,온클라이밍,카카오 로컬 API,미검수,전남광주통합특별시 광산구 장신로 72,2061802180,
수도권외,광주,광산구,G1클라이밍 송정,카카오 로컬 API,미검수,전남광주통합특별시 광산구 광산로 87,71867889,
수도권외,광주,남구,레드원클라이밍,카카오 로컬 API,미검수,전남광주통합특별시 남구 봉선2로 81,283870296,
수도권외,광주,동구,클라이븐클라이밍 컴퍼니,카카오 로컬 API,미검수,전남광주통합특별시 동구 충장로안길 40-2,519682108,
수도권외,광주,북구,핸드워크클라이밍 양산점,카카오 로컬 API,미검수,전남광주통합특별시 북구 임방울대로 1068,1485669779,
수도권외,광주,북구,핸드워크클라이밍짐,카카오 로컬 API,미검수,전남광주통합특별시 북구 서방로 10,489301153,
수도권외,광주,서구,인케이브 클라이밍짐 상무점,카카오 로컬 API,미검수,전남광주통합특별시 서구 상무중앙로 46,707402444,
수도권외,광주,서구,클라임라운지,카카오 로컬 API,미검수,전남광주통합특별시 서구 금화로383번길 10,359538448,
수도권외,대전,서구,어웨이크클라이밍 타임월드점,카카오 로컬 API,미검수,대전 서구 둔산로 18,1032498372,
수도권외,대전,유성구,대전하나클라이밍짐,카카오 로컬 API,미검수,대전 유성구 월드컵대로 32,1867943824,
수도권외,대전,유성구,클라이밍짐 리드 유성점,카카오 로컬 API,미검수,대전 유성구 계룡로 129,26574886,
수도권외,울산,남구,라온클라이밍짐,카카오 로컬 API,미검수,울산 남구 삼산로 48,477957050,
수도권외,울산,남구,업클라이밍짐,카카오 로컬 API,미검수,울산 남구 대학로 130,1471134643,
수도권외,울산,남구,월담클라이밍,카카오 로컬 API,미검수,울산 남구 삼산중로48번길 9,1461666598,
수도권외,울산,북구,몽클라이밍,카카오 로컬 API,미검수,울산 북구 당수골2길 43,1749189155,
수도권외,울산,울주군,영남알프스 국제클라이밍장,카카오 로컬 API,미검수,울산 울주군 상북면 알프스온천5길 122,27149693,
수도권외,울산,중구,9클라이밍짐,카카오 로컬 API,미검수,울산 중구 당산길 26,26990556,
수도권외,세종,아름동,별클라이밍,카카오 로컬 API,미검수,세종특별자치시 보듬3로 158,1819783947,
수도권외,강원,강릉시,클라이밍강릉,카카오 로컬 API,미검수,강원특별자치도 강릉시 정원로 42,26940066,
수도권외,강원,속초시,아임낫볼더,카카오 로컬 API,미검수,강원특별자치도 속초시 엑스포로 75,1736591738,Y
수도권외,강원,속초시,에이짐클라이밍,카카오 로컬 API,미검수,강원특별자치도 속초시 만리공원길 8,226637448,
수도권외,강원,속초시,천당릿지,카카오 로컬 API,미검수,강원특별자치도 속초시 설악동 산 41,1825350899,
수도권외,강원,원주시,고고클라이밍 2호점,카카오 로컬 API,미검수,강원특별자치도 원주시 판부면 서곡널다리길 8,27461812,
수도권외,강원,원주시,더쎈클라이밍,카카오 로컬 API,미검수,강원특별자치도 원주시 단구로 194,411729813,
수도권외,강원,원주시,차클라이밍,카카오 로컬 API,미검수,강원특별자치도 원주시 무상길 11-1,1825569654,
수도권외,강원,원주시,클라이밍아미고,카카오 로컬 API,미검수,강원특별자치도 원주시 서원대로 392,1205902555,
수도권외,강원,원주시,클라이밍원주,카카오 로컬 API,미검수,강원특별자치도 원주시 원일로 19,26940093,
수도권외,강원,원주시,클라임투게더 원주점,카카오 로컬 API,미검수,강원특별자치도 원주시 문막읍 동화골길 25,1950378324,
수도권외,강원,춘천시,남춘천클라이밍,카카오 로컬 API,미검수,강원특별자치도 춘천시 춘천순환로 29,2011692628,
수도권외,충북,보은군,속리산클라이밍장,카카오 로컬 API,미검수,충북 보은군 속리산면 법주사로 58-2,2006152929,
수도권외,충북,제천시,톺아클라이밍,카카오 로컬 API,미검수,충북 제천시 의림대로 71,27455046,
수도권외,충북,충주시,오르락클라이밍짐,카카오 로컬 API,미검수,충북 충주시 호암수청1로 55,420378025,
수도권외,충북,충주시,충주락클라이밍,카카오 로컬 API,미검수,충북 충주시 용정8길 6,1592009501,
수도권외,충남,서산시,서산시 클라이밍장 (2026년 예정),카카오 로컬 API,미검수,충남 서산시 안견로 638,1732010903,
수도권외,충남,서산시,서산클라이밍,카카오 로컬 API,미검수,충남 서산시 율지3로 1,26886844,
수도권외,충남,서산시,엣지워크클라이밍,카카오 로컬 API,미검수,충남 서산시 서해로 3443,1076688585,
수도권외,충남,아산시,와클라이밍 아산,카카오 로컬 API,미검수,충남 아산시 신정호길 33-21,810042030,
수도권외,충남,천안시,와클라이밍,카카오 로컬 API,미검수,충남 천안시 동남구 목천읍 성남로 39-1,1685987073,
수도권외,충남,천안시,클라임맥스,카카오 로컬 API,미검수,충남 천안시 동남구 신촌로 24,562199779,
수도권외,충남,천안시,홍종열클라이밍짐 천안두정점,카카오 로컬 API,미검수,충남 천안시 서북구 성정두정로 100,24828805,
수도권외,전북,군산시,온더락클라이밍,카카오 로컬 API,미검수,전북특별자치도 군산시 백릉로 33,1639604436,
수도권외,전북,군산시,홀드온클라이밍,카카오 로컬 API,미검수,전북특별자치도 군산시 축동2길 39-4,1571503725,
수도권외,전북,익산시,클라임팜,카카오 로컬 API,미검수,전북특별자치도 익산시 고봉로32길 34,321261321,
수도권외,전북,전주시,어센트클라이밍 만성혁신,카카오 로컬 API,미검수,전북특별자치도 전주시 덕진구 만성중앙로 76,1823832591,
수도권외,전북,전주시,어센트클라이밍 전북대,카카오 로컬 API,미검수,전북특별자치도 전주시 덕진구 권삼득로 333,832450185,
수도권외,전북,전주시,전주바위오름,카카오 로컬 API,미검수,전북특별자치도 전주시 완산구 중산중앙로 8,20313961,
수도권외,전북,전주시,전주BK클라이밍짐,카카오 로컬 API,미검수,전북특별자치도 전주시 완산구 효동3길 7,1432410193,
수도권외,전북,전주시,하드락클라이밍,카카오 로컬 API,미검수,전북특별자치도 전주시 완산구 바우배기1길 11,120812720,
수도권외,전남,목포시,리드클라이밍,카카오 로컬 API,미검수,전남광주통합특별시 목포시 백년대로 324,26867948,
수도권외,전남,목포시,목포탑매드클라임동호회,카카오 로컬 API,미검수,전남광주통합특별시 목포시 산정로 86,1960112362,
수도권외,전남,무안군,카르페클라임,카카오 로컬 API,미검수,전남광주통합특별시 무안군 삼향읍 대죽서로 41,157291353,
수도권외,전남,순천시,원클라임,카카오 로컬 API,미검수,전남광주통합특별시 순천시 해룡면 낙선길 2,1667333925,
수도권외,전남,여수시,스파이더짐,카카오 로컬 API,미검수,전남광주통합특별시 여수시 문수로 50,921054584,
수도권외,경북,경산시,경산국제클라이밍파크,카카오 로컬 API,미검수,경북 경산시 남산면 인흥리 250,2049528827,
수도권외,경북,경산시,올라클라이밍,카카오 로컬 API,미검수,경북 경산시 하양읍 하양로 56,496013030,
수도권외,경북,경주시,플로우클라임,카카오 로컬 API,미검수,경북 경주시 양정로328번길 11,1427712983,
수도권외,경북,구미시,노보클라이밍,카카오 로컬 API,미검수,경북 구미시 인동북길 121,1877546915,
수도권외,경북,구미시,킹스클라임,카카오 로컬 API,미검수,경북 구미시 옥계북로 34,656673827,
수도권외,경북,구미시,포시즌클라이밍 산동점,카카오 로컬 API,미검수,경북 구미시 산동읍 신당1로 24,1398145179,
수도권외,경북,상주시,상주클라이밍클럽,카카오 로컬 API,미검수,경북 상주시 인봉2길 6,1022669688,
수도권외,경북,의성군,의성클라이밍장,카카오 로컬 API,미검수,경북 의성군 의성읍 중리리 935-4,318073484,
수도권외,경북,포항시,아띠클라이밍,카카오 로컬 API,미검수,경북 포항시 북구 우창동로 70,679205402,
수도권외,경북,포항시,포항스파이더클라이밍,카카오 로컬 API,미검수,경북 포항시 남구 오천읍 남원로 28,25737344,
수도권외,경남,거제시,트리클라이밍,카카오 로컬 API,미검수,경남 거제시 성산로 42,1916853472,
수도권외,경남,고성군,오름놀터,카카오 로컬 API,미검수,경남 고성군 고성읍 성내로 61,1864903380,
수도권외,경남,김해시,두클라이밍 김해점,카카오 로컬 API,미검수,경남 김해시 내외로77번길 12,2119652204,
수도권외,경남,김해시,위드클라이밍짐,카카오 로컬 API,미검수,경남 김해시 인제로 246,1044597295,
수도권외,경남,김해시,코아클라이밍,카카오 로컬 API,미검수,경남 김해시 능동로 159,1505217288,
수도권외,경남,김해시,퍼스트클라이밍짐,카카오 로컬 API,미검수,경남 김해시 가야로 212,26856449,
수도권외,경남,김해시,홀드야미클라이밍,카카오 로컬 API,미검수,경남 김해시 김해대로 2232,828681079,
수도권외,경남,양산시,볼더서퍼 클라이밍,카카오 로컬 API,미검수,경남 양산시 물금읍 황산로 369,1694635276,Y
수도권외,경남,양산시,양클짐,카카오 로컬 API,미검수,경남 양산시 북안남3길 11,708848109,
수도권외,경남,양산시,어썸클라이밍짐,카카오 로컬 API,미검수,경남 양산시 물금읍 부산대학로 156,27390875,
수도권외,경남,양산시,클라임파크,카카오 로컬 API,미검수,경남 양산시 상북면 와곡3길 31,4203571,
수도권외,경남,진주시,빅클라이밍짐,카카오 로컬 API,미검수,경남 진주시 정촌면 삼일로105번길 32-15,1757970135,
수도권외,경남,진주시,예티클라이밍짐,카카오 로컬 API,미검수,경남 진주시 동진로 415,557009444,
수도권외,경남,창원시,광클라이밍,카카오 로컬 API,미검수,경남 창원시 진해구 장복대로 171,1211043241,
수도권외,경남,창원시,마산클라이밍스쿨,카카오 로컬 API,미검수,경남 창원시 마산회원구 삼호로 63,27409483,
수도권외,경남,창원시,비스타 클라이밍짐,카카오 로컬 API,미검수,경남 창원시 마산회원구 양덕북17길 41,976582930,
수도권외,경남,창원시,창원클라이머스,카카오 로컬 API,미검수,경남 창원시 의창구 의안로56번길 46,2022011647,
수도권외,경남,창원시,창원클라이밍스쿨,카카오 로컬 API,미검수,경남 창원시 성산구 대원로33번길 18,1197673203,
수도권외,경남,창원시,크럭스클라이밍,카카오 로컬 API,미검수,경남 창원시 마산합포구 월영동서로 11-1,955522058,
수도권외,경남,창원시,클라임존,카카오 로컬 API,미검수,경남 창원시 성산구 대암로 161-20,506505084,
수도권외,경남,창원시,핫클라이밍짐,카카오 로컬 API,미검수,경남 창원시 의창구 사림로137번길 24,805308160,
수도권외,경남,통영시,통영락클라이밍,카카오 로컬 API,미검수,경남 통영시 도천상가안길 18,2122908452,
수도권외,경남,함양군,구용원,카카오 로컬 API,미검수,경남 함양군 함양읍 대실길 274,385563690,
수도권외,제주,서귀포시,오르멍,카카오 로컬 API,미검수,제주특별자치도 서귀포시 표선면 표선중앙로80번길 1,945190046,
수도권외,제주,제주시,제주클라이밍스쿨,카카오 로컬 API,미검수,제주특별자치도 제주시 서광로 236,292549758,
수도권외,제주,제주시,픽스볼더 아라점,카카오 로컬 API,미검수,제주특별자치도 제주시 중앙로 768,191145206,Y
수도권외,제주,제주시,픽스볼더클라이밍,카카오 로컬 API,미검수,제주특별자치도 제주시 삼무로 41,1696448844,Y
