권역,시도,지역,암장명,출처,검수상태
서울,서울,강남구,더자스 클라이밍,koreaclimbing 블로그,미검수
서울,서울,강남구,락스타 클라이밍짐 강남점,koreaclimbing 블로그,미검수
서울,서울,강남구,비블럭 클라이밍 강남,koreaclimbing 블로그,미검수
서울,서울,강남구,클라이밍클럽 더탑 대청점,koreaclimbing 블로그,미검수
서울,서울,강남구,클라임이모션,koreaclimbing 블로그,미검수
서울,서울,강남구,타잔101 클라이밍 강남,koreaclimbing 블로그,미검수
서울,서울,강남구,헤라 스포츠 클라이밍,koreaclimbing 블로그,미검수
서울,서울,강남구,더클라임 논현점,웹 검색(더클라임 지점 목록),미검수
서울,서울,강남구,더클라임 신사점,웹 검색(더클라임 지점 목록),미검수
서울,서울,강남구,더클라임 강남점,웹 검색(더클라임 지점 목록),미검수
서울,서울,강동구,강동클라이밍짐,koreaclimbing 블로그,미검수
서울,서울,강동구,V10 클라이밍짐 천호점,koreaclimbing 블로그,미검수
서울,서울,강북구,경동유재원 클라이밍 센터,koreaclimbing 블로그,미검수
서울,서울,강북구,노스페이스 다이노월,koreaclimbing 블로그,미검수
서울,서울,강서구,강서클라이밍센터,koreaclimbing 블로그,미검수
서울,서울,강서구,더클라임 마곡점,koreaclimbing 블로그,미검수
서울,서울,강서구,88클라이밍센터,koreaclimbing 블로그,미검수
서울,서울,광진구,버티고클라이밍짐,koreaclimbing 블로그,미검수
서울,서울,관악구,인클라이밍센터,koreaclimbing 블로그,미검수
서울,서울,관악구,정지현클라이밍짐,koreaclimbing 블로그,미검수
서울,서울,관악구,더클라임 신림점,웹 검색(더클라임 지점 목록),미검수
서울,서울,관악구,더클라임 서울대점,웹 검색(더클라임 지점 목록),미검수
서울,서울,구로구,버디 클라이밍짐,koreaclimbing 블로그,미검수
서울,서울,구로구,서울숲클라이밍 구로,웹 검색,미검수
서울,서울,금천구,섹터비 볼더링 짐,koreaclimbing 블로그,미검수
서울,서울,노원구,이창현 노원 클라이밍센터,koreaclimbing 블로그,미검수
서울,서울,노원구,위 클라이밍 센터,koreaclimbing 블로그,미검수
서울,서울,도봉구,도봉 파워 클라이밍 센터,koreaclimbing 블로그,미검수
서울,서울,동대문구,동대문 클라이밍 센터,koreaclimbing 블로그,미검수
서울,서울,동대문구,산타클라이밍짐,koreaclimbing 블로그,미검수
서울,서울,동대문구,V10클라이밍짐 장한평점,koreaclimbing 블로그,미검수
서울,서울,동작구,노량진 클라이밍 센터,koreaclimbing 블로그,미검수
서울,서울,마포구,김승욱 클라이밍짐,koreaclimbing 블로그,미검수
서울,서울,마포구,더클라임 홍대점,koreaclimbing 블로그,미검수
서울,서울,마포구,더클라임 연남점,웹 검색(더클라임 지점 목록),미검수
서울,서울,마포구,써미트클라이밍센터,koreaclimbing 블로그,미검수
서울,서울,마포구,애스트로맨 클라이밍 센터,koreaclimbing 블로그,미검수
서울,서울,마포구,캔디 클라이밍,koreaclimbing 블로그,미검수
서울,서울,마포구,코알라클라이밍짐,koreaclimbing 블로그,미검수
서울,서울,마포구,볼더프렌즈 클라이밍,웹 검색,미검수
서울,서울,서초구,게이트 원 클라이밍,koreaclimbing 블로그,미검수
서울,서울,서초구,더클라이밍짐,koreaclimbing 블로그,미검수
서울,서울,서초구,비스트 클라이밍 짐,koreaclimbing 블로그,미검수
서울,서울,서초구,사당클라이밍,koreaclimbing 블로그,미검수
서울,서울,서초구,더클라임 사당점,웹 검색(더클라임 지점 목록),미검수
서울,서울,서초구,더클라임 양재점,웹 검색(더클라임 지점 목록),미검수
서울,서울,성동구,손정준 클라이밍 연구소,koreaclimbing 블로그,미검수
서울,서울,성동구,클라이밍파크 성수,웹 검색,미검수
서울,서울,송파구,락스타 클라이밍짐 송파점,koreaclimbing 블로그,미검수
서울,서울,송파구,루트 클라이밍 짐,koreaclimbing 블로그,미검수
서울,서울,송파구,손상원 클라이밍짐 잠실점,koreaclimbing 블로그,미검수
서울,서울,송파구,스마트클라이밍짐,koreaclimbing 블로그,미검수
서울,서울,송파구,클라이밍클럽 더탑,koreaclimbing 블로그,미검수
서울,서울,양천구,다오름클라이밍짐,koreaclimbing 블로그,미검수
서울,서울,영등포구,서종국 클라이밍,koreaclimbing 블로그,미검수
서울,서울,영등포구,에이스클라이밍센터,koreaclimbing 블로그,미검수
서울,서울,영등포구,서울숲클라이밍 영등포점,웹 검색,미검수
서울,서울,은평구,써니사이드 클라이밍 센터,koreaclimbing 블로그,미검수
서울,서울,종로구,아트 클라이밍,koreaclimbing 블로그,미검수
서울,서울,종로구,TCC 더코아클라이밍,koreaclimbing 블로그,미검수
서울,서울,종로구,서울숲클라이밍 종로점,웹 검색,미검수
서울,서울,종로구,피커스 클라이밍 종로,웹 검색,미검수
서울,서울,중구,권영세 클라이밍센터,koreaclimbing 블로그,미검수
수도권,인천,인천,디스커버리클라이밍스퀘어ICN,koreaclimbing 블로그,미검수
수도권,인천,부평,부평클라이밍센터,koreaclimbing 블로그,미검수
수도권,인천,송도,비블럭클라이밍 송도,koreaclimbing 블로그,미검수
수도권,인천,인천,베스트클라이밍,koreaclimbing 블로그,미검수
수도권,인천,서구,서인천 클라이밍 센터,koreaclimbing 블로그,미검수
수도권,인천,구월,인천구월클라이밍센터 - 선샤인,koreaclimbing 블로그,미검수
수도권,인천,계양,인천 계양 클라이밍 센터,koreaclimbing 블로그,미검수
수도권,인천,만수,인천만수클라이밍센터 - 선샤인,koreaclimbing 블로그,미검수
수도권,인천,인천,인천 클라이밍 센터,koreaclimbing 블로그,미검수
수도권,인천,인천,큐브 클라이밍 센터,koreaclimbing 블로그,미검수
수도권,인천,인천,클라이밍줌,koreaclimbing 블로그,미검수
수도권,경기,일산,더클라임 일산점,웹 검색(더클라임 지점 목록),미검수
수도권외,대전,서구,대전클라이밍센터,koreaclimbing 블로그,미검수
수도권외,광주,광주,클라이븐,koreaclimbing 블로그,미검수
수도권외,광주,광주,클라이븐 비,koreaclimbing 블로그,미검수
수도권외,광주,광주,광주 클라임 패밀리 짐,koreaclimbing 블로그,미검수
수도권외,광주,광주,락클라이밍센터,koreaclimbing 블로그,미검수
수도권외,광주,광주,바위클라이밍센터,koreaclimbing 블로그,미검수
수도권외,광주,광주,상무클라이밍센터,koreaclimbing 블로그,미검수
수도권외,광주,광주,익스트림 클라이밍 센터,koreaclimbing 블로그,미검수
수도권외,광주,광주,G1 클라이밍센터,koreaclimbing 블로그,미검수
수도권외,제주,제주,더 패스 클라이밍짐,koreaclimbing 블로그,미검수
수도권외,제주,제주,제주 무브존,koreaclimbing 블로그,미검수
수도권외,제주,제주,제주에이스클라이밍클럽,koreaclimbing 블로그,미검수
수도권외,제주,제주,제주클라이밍스쿨,koreaclimbing 블로그,미검수
